[{"pk": 1, "model": "auth.permission", "fields": {"codename": "add_logentry", "name": "Can add log entry", "content_type": 1}}, {"pk": 2, "model": "auth.permission", "fields": {"codename": "change_logentry", "name": "Can change log entry", "content_type": 1}}, {"pk": 3, "model": "auth.permission", "fields": {"codename": "delete_logentry", "name": "Can delete log entry", "content_type": 1}}, {"pk": 4, "model": "auth.permission", "fields": {"codename": "add_permission", "name": "Can add permission", "content_type": 2}}, {"pk": 5, "model": "auth.permission", "fields": {"codename": "change_permission", "name": "Can change permission", "content_type": 2}}, {"pk": 6, "model": "auth.permission", "fields": {"codename": "delete_permission", "name": "Can delete permission", "content_type": 2}}, {"pk": 7, "model": "auth.permission", "fields": {"codename": "add_group", "name": "Can add group", "content_type": 3}}, {"pk": 8, "model": "auth.permission", "fields": {"codename": "change_group", "name": "Can change group", "content_type": 3}}, {"pk": 9, "model": "auth.permission", "fields": {"codename": "delete_group", "name": "Can delete group", "content_type": 3}}, {"pk": 10, "model": "auth.permission", "fields": {"codename": "add_user", "name": "Can add user", "content_type": 4}}, {"pk": 11, "model": "auth.permission", "fields": {"codename": "change_user", "name": "Can change user", "content_type": 4}}, {"pk": 12, "model": "auth.permission", "fields": {"codename": "delete_user", "name": "Can delete user", "content_type": 4}}, {"pk": 13, "model": "auth.permission", "fields": {"codename": "add_useractivatekey", "name": "Can add user activate key", "content_type": 5}}, {"pk": 14, "model": "auth.permission", "fields": {"codename": "change_useractivatekey", "name": "Can change user activate key", "content_type": 5}}, {"pk": 15, "model": "auth.permission", "fields": {"codename": "delete_useractivatekey", "name": "Can delete user activate key", "content_type": 5}}, {"pk": 16, "model": "auth.permission", "fields": {"codename": "add_comment", "name": "Can add comment", "content_type": 6}}, {"pk": 17, "model": "auth.permission", "fields": {"codename": "change_comment", "name": "Can change comment", "content_type": 6}}, {"pk": 18, "model": "auth.permission", "fields": {"codename": "delete_comment", "name": "Can delete comment", "content_type": 6}}, {"pk": 19, "model": "auth.permission", "fields": {"codename": "can_moderate", "name": "Can moderate comments", "content_type": 6}}, {"pk": 20, "model": "auth.permission", "fields": {"codename": "add_commentflag", "name": "Can add comment flag", "content_type": 7}}, {"pk": 21, "model": "auth.permission", "fields": {"codename": "change_commentflag", "name": "Can change comment flag", "content_type": 7}}, {"pk": 22, "model": "auth.permission", "fields": {"codename": "delete_commentflag", "name": "Can delete comment flag", "content_type": 7}}, {"pk": 23, "model": "auth.permission", "fields": {"codename": "add_contenttype", "name": "Can add content type", "content_type": 8}}, {"pk": 24, "model": "auth.permission", "fields": {"codename": "change_contenttype", "name": "Can change content type", "content_type": 8}}, {"pk": 25, "model": "auth.permission", "fields": {"codename": "delete_contenttype", "name": "Can delete content type", "content_type": 8}}, {"pk": 26, "model": "auth.permission", "fields": {"codename": "add_session", "name": "Can add session", "content_type": 9}}, {"pk": 27, "model": "auth.permission", "fields": {"codename": "change_session", "name": "Can change session", "content_type": 9}}, {"pk": 28, "model": "auth.permission", "fields": {"codename": "delete_session", "name": "Can delete session", "content_type": 9}}, {"pk": 29, "model": "auth.permission", "fields": {"codename": "add_site", "name": "Can add site", "content_type": 10}}, {"pk": 30, "model": "auth.permission", "fields": {"codename": "change_site", "name": "Can change site", "content_type": 10}}, {"pk": 31, "model": "auth.permission", "fields": {"codename": "delete_site", "name": "Can delete site", "content_type": 10}}, {"pk": 32, "model": "auth.permission", "fields": {"codename": "add_xmlrpclog", "name": "Can add xml rpc log", "content_type": 11}}, {"pk": 33, "model": "auth.permission", "fields": {"codename": "change_xmlrpclog", "name": "Can change xml rpc log", "content_type": 11}}, {"pk": 34, "model": "auth.permission", "fields": {"codename": "delete_xmlrpclog", "name": "Can delete xml rpc log", "content_type": 11}}, {"pk": 35, "model": "auth.permission", "fields": {"codename": "add_linkreference", "name": "Can add link reference", "content_type": 12}}, {"pk": 36, "model": "auth.permission", "fields": {"codename": "change_linkreference", "name": "Can change link reference", "content_type": 12}}, {"pk": 37, "model": "auth.permission", "fields": {"codename": "delete_linkreference", "name": "Can delete link reference", "content_type": 12}}, {"pk": 38, "model": "auth.permission", "fields": {"codename": "add_tcmslogmodel", "name": "Can add tcms log model", "content_type": 13}}, {"pk": 39, "model": "auth.permission", "fields": {"codename": "change_tcmslogmodel", "name": "Can change tcms log model", "content_type": 13}}, {"pk": 40, "model": "auth.permission", "fields": {"codename": "delete_tcmslogmodel", "name": "Can delete tcms log model", "content_type": 13}}, {"pk": 41, "model": "auth.permission", "fields": {"codename": "add_classification", "name": "Can add classification", "content_type": 14}}, {"pk": 42, "model": "auth.permission", "fields": {"codename": "change_classification", "name": "Can change classification", "content_type": 14}}, {"pk": 43, "model": "auth.permission", "fields": {"codename": "delete_classification", "name": "Can delete classification", "content_type": 14}}, {"pk": 44, "model": "auth.permission", "fields": {"codename": "add_product", "name": "Can add product", "content_type": 15}}, {"pk": 45, "model": "auth.permission", "fields": {"codename": "change_product", "name": "Can change product", "content_type": 15}}, {"pk": 46, "model": "auth.permission", "fields": {"codename": "delete_product", "name": "Can delete product", "content_type": 15}}, {"pk": 47, "model": "auth.permission", "fields": {"codename": "add_priority", "name": "Can add priority", "content_type": 16}}, {"pk": 48, "model": "auth.permission", "fields": {"codename": "change_priority", "name": "Can change priority", "content_type": 16}}, {"pk": 49, "model": "auth.permission", "fields": {"codename": "delete_priority", "name": "Can delete priority", "content_type": 16}}, {"pk": 50, "model": "auth.permission", "fields": {"codename": "add_milestone", "name": "Can add milestone", "content_type": 17}}, {"pk": 51, "model": "auth.permission", "fields": {"codename": "change_milestone", "name": "Can change milestone", "content_type": 17}}, {"pk": 52, "model": "auth.permission", "fields": {"codename": "delete_milestone", "name": "Can delete milestone", "content_type": 17}}, {"pk": 53, "model": "auth.permission", "fields": {"codename": "add_component", "name": "Can add component", "content_type": 18}}, {"pk": 54, "model": "auth.permission", "fields": {"codename": "change_component", "name": "Can change component", "content_type": 18}}, {"pk": 55, "model": "auth.permission", "fields": {"codename": "delete_component", "name": "Can delete component", "content_type": 18}}, {"pk": 56, "model": "auth.permission", "fields": {"codename": "add_version", "name": "Can add version", "content_type": 19}}, {"pk": 57, "model": "auth.permission", "fields": {"codename": "change_version", "name": "Can change version", "content_type": 19}}, {"pk": 58, "model": "auth.permission", "fields": {"codename": "delete_version", "name": "Can delete version", "content_type": 19}}, {"pk": 59, "model": "auth.permission", "fields": {"codename": "add_testbuild", "name": "Can add build", "content_type": 20}}, {"pk": 60, "model": "auth.permission", "fields": {"codename": "change_testbuild", "name": "Can change build", "content_type": 20}}, {"pk": 61, "model": "auth.permission", "fields": {"codename": "delete_testbuild", "name": "Can delete build", "content_type": 20}}, {"pk": 62, "model": "auth.permission", "fields": {"codename": "add_testenvironment", "name": "Can add test environment", "content_type": 21}}, {"pk": 63, "model": "auth.permission", "fields": {"codename": "change_testenvironment", "name": "Can change test environment", "content_type": 21}}, {"pk": 64, "model": "auth.permission", "fields": {"codename": "delete_testenvironment", "name": "Can delete test environment", "content_type": 21}}, {"pk": 65, "model": "auth.permission", "fields": {"codename": "add_testenvironmentcategory", "name": "Can add test environment category", "content_type": 22}}, {"pk": 66, "model": "auth.permission", "fields": {"codename": "change_testenvironmentcategory", "name": "Can change test environment category", "content_type": 22}}, {"pk": 67, "model": "auth.permission", "fields": {"codename": "delete_testenvironmentcategory", "name": "Can delete test environment category", "content_type": 22}}, {"pk": 68, "model": "auth.permission", "fields": {"codename": "add_testenvironmentelement", "name": "Can add test environment element", "content_type": 23}}, {"pk": 69, "model": "auth.permission", "fields": {"codename": "change_testenvironmentelement", "name": "Can change test environment element", "content_type": 23}}, {"pk": 70, "model": "auth.permission", "fields": {"codename": "delete_testenvironmentelement", "name": "Can delete test environment element", "content_type": 23}}, {"pk": 71, "model": "auth.permission", "fields": {"codename": "add_testenvironmentproperty", "name": "Can add test environment property", "content_type": 24}}, {"pk": 72, "model": "auth.permission", "fields": {"codename": "change_testenvironmentproperty", "name": "Can change test environment property", "content_type": 24}}, {"pk": 73, "model": "auth.permission", "fields": {"codename": "delete_testenvironmentproperty", "name": "Can delete test environment property", "content_type": 24}}, {"pk": 74, "model": "auth.permission", "fields": {"codename": "add_testenvironmentmap", "name": "Can add test environment map", "content_type": 25}}, {"pk": 75, "model": "auth.permission", "fields": {"codename": "change_testenvironmentmap", "name": "Can change test environment map", "content_type": 25}}, {"pk": 76, "model": "auth.permission", "fields": {"codename": "delete_testenvironmentmap", "name": "Can delete test environment map", "content_type": 25}}, {"pk": 77, "model": "auth.permission", "fields": {"codename": "add_testtag", "name": "Can add tag", "content_type": 26}}, {"pk": 78, "model": "auth.permission", "fields": {"codename": "change_testtag", "name": "Can change tag", "content_type": 26}}, {"pk": 79, "model": "auth.permission", "fields": {"codename": "delete_testtag", "name": "Can delete tag", "content_type": 26}}, {"pk": 80, "model": "auth.permission", "fields": {"codename": "add_testattachment", "name": "Can add test attachment", "content_type": 27}}, {"pk": 81, "model": "auth.permission", "fields": {"codename": "change_testattachment", "name": "Can change test attachment", "content_type": 27}}, {"pk": 82, "model": "auth.permission", "fields": {"codename": "delete_testattachment", "name": "Can delete test attachment", "content_type": 27}}, {"pk": 83, "model": "auth.permission", "fields": {"codename": "add_testattachmentdata", "name": "Can add test attachment data", "content_type": 28}}, {"pk": 84, "model": "auth.permission", "fields": {"codename": "change_testattachmentdata", "name": "Can change test attachment data", "content_type": 28}}, {"pk": 85, "model": "auth.permission", "fields": {"codename": "delete_testattachmentdata", "name": "Can delete test attachment data", "content_type": 28}}, {"pk": 86, "model": "auth.permission", "fields": {"codename": "add_tcmsenvgroup", "name": "Can add tcms env group", "content_type": 29}}, {"pk": 87, "model": "auth.permission", "fields": {"codename": "change_tcmsenvgroup", "name": "Can change tcms env group", "content_type": 29}}, {"pk": 88, "model": "auth.permission", "fields": {"codename": "delete_tcmsenvgroup", "name": "Can delete tcms env group", "content_type": 29}}, {"pk": 89, "model": "auth.permission", "fields": {"codename": "add_tcmsenvplanmap", "name": "Can add tcms env plan map", "content_type": 30}}, {"pk": 90, "model": "auth.permission", "fields": {"codename": "change_tcmsenvplanmap", "name": "Can change tcms env plan map", "content_type": 30}}, {"pk": 91, "model": "auth.permission", "fields": {"codename": "delete_tcmsenvplanmap", "name": "Can delete tcms env plan map", "content_type": 30}}, {"pk": 92, "model": "auth.permission", "fields": {"codename": "add_tcmsenvproperty", "name": "Can add tcms env property", "content_type": 31}}, {"pk": 93, "model": "auth.permission", "fields": {"codename": "change_tcmsenvproperty", "name": "Can change tcms env property", "content_type": 31}}, {"pk": 94, "model": "auth.permission", "fields": {"codename": "delete_tcmsenvproperty", "name": "Can delete tcms env property", "content_type": 31}}, {"pk": 95, "model": "auth.permission", "fields": {"codename": "add_tcmsenvgrouppropertymap", "name": "Can add tcms env group property map", "content_type": 32}}, {"pk": 96, "model": "auth.permission", "fields": {"codename": "change_tcmsenvgrouppropertymap", "name": "Can change tcms env group property map", "content_type": 32}}, {"pk": 97, "model": "auth.permission", "fields": {"codename": "delete_tcmsenvgrouppropertymap", "name": "Can delete tcms env group property map", "content_type": 32}}, {"pk": 98, "model": "auth.permission", "fields": {"codename": "add_tcmsenvvalue", "name": "Can add tcms env value", "content_type": 33}}, {"pk": 99, "model": "auth.permission", "fields": {"codename": "change_tcmsenvvalue", "name": "Can change tcms env value", "content_type": 33}}, {"pk": 100, "model": "auth.permission", "fields": {"codename": "delete_tcmsenvvalue", "name": "Can delete tcms env value", "content_type": 33}}, {"pk": 101, "model": "auth.permission", "fields": {"codename": "add_profiles", "name": "Can add profiles", "content_type": 34}}, {"pk": 102, "model": "auth.permission", "fields": {"codename": "change_profiles", "name": "Can change profiles", "content_type": 34}}, {"pk": 103, "model": "auth.permission", "fields": {"codename": "delete_profiles", "name": "Can delete profiles", "content_type": 34}}, {"pk": 104, "model": "auth.permission", "fields": {"codename": "add_groups", "name": "Can add groups", "content_type": 35}}, {"pk": 105, "model": "auth.permission", "fields": {"codename": "change_groups", "name": "Can change groups", "content_type": 35}}, {"pk": 106, "model": "auth.permission", "fields": {"codename": "delete_groups", "name": "Can delete groups", "content_type": 35}}, {"pk": 107, "model": "auth.permission", "fields": {"codename": "add_usergroupmap", "name": "Can add user group map", "content_type": 36}}, {"pk": 108, "model": "auth.permission", "fields": {"codename": "change_usergroupmap", "name": "Can change user group map", "content_type": 36}}, {"pk": 109, "model": "auth.permission", "fields": {"codename": "delete_usergroupmap", "name": "Can delete user group map", "content_type": 36}}, {"pk": 110, "model": "auth.permission", "fields": {"codename": "add_userprofile", "name": "Can add user profile", "content_type": 37}}, {"pk": 111, "model": "auth.permission", "fields": {"codename": "change_userprofile", "name": "Can change user profile", "content_type": 37}}, {"pk": 112, "model": "auth.permission", "fields": {"codename": "delete_userprofile", "name": "Can delete user profile", "content_type": 37}}, {"pk": 113, "model": "auth.permission", "fields": {"codename": "add_bookmarkcategory", "name": "Can add bookmark category", "content_type": 38}}, {"pk": 114, "model": "auth.permission", "fields": {"codename": "change_bookmarkcategory", "name": "Can change bookmark category", "content_type": 38}}, {"pk": 115, "model": "auth.permission", "fields": {"codename": "delete_bookmarkcategory", "name": "Can delete bookmark category", "content_type": 38}}, {"pk": 116, "model": "auth.permission", "fields": {"codename": "add_bookmark", "name": "Can add bookmark", "content_type": 39}}, {"pk": 117, "model": "auth.permission", "fields": {"codename": "change_bookmark", "name": "Can change bookmark", "content_type": 39}}, {"pk": 118, "model": "auth.permission", "fields": {"codename": "delete_bookmark", "name": "Can delete bookmark", "content_type": 39}}, {"pk": 119, "model": "auth.permission", "fields": {"codename": "add_testcasestatus", "name": "Can add Test case status", "content_type": 40}}, {"pk": 120, "model": "auth.permission", "fields": {"codename": "change_testcasestatus", "name": "Can change Test case status", "content_type": 40}}, {"pk": 121, "model": "auth.permission", "fields": {"codename": "delete_testcasestatus", "name": "Can delete Test case status", "content_type": 40}}, {"pk": 122, "model": "auth.permission", "fields": {"codename": "add_testcasecategory", "name": "Can add test case category", "content_type": 41}}, {"pk": 123, "model": "auth.permission", "fields": {"codename": "change_testcasecategory", "name": "Can change test case category", "content_type": 41}}, {"pk": 124, "model": "auth.permission", "fields": {"codename": "delete_testcasecategory", "name": "Can delete test case category", "content_type": 41}}, {"pk": 125, "model": "auth.permission", "fields": {"codename": "add_testcase", "name": "Can add test case", "content_type": 42}}, {"pk": 126, "model": "auth.permission", "fields": {"codename": "change_testcase", "name": "Can change test case", "content_type": 42}}, {"pk": 127, "model": "auth.permission", "fields": {"codename": "delete_testcase", "name": "Can delete test case", "content_type": 42}}, {"pk": 128, "model": "auth.permission", "fields": {"codename": "add_testcasetext", "name": "Can add test case text", "content_type": 43}}, {"pk": 129, "model": "auth.permission", "fields": {"codename": "change_testcasetext", "name": "Can change test case text", "content_type": 43}}, {"pk": 130, "model": "auth.permission", "fields": {"codename": "delete_testcasetext", "name": "Can delete test case text", "content_type": 43}}, {"pk": 131, "model": "auth.permission", "fields": {"codename": "add_testcaseplan", "name": "Can add test case plan", "content_type": 44}}, {"pk": 132, "model": "auth.permission", "fields": {"codename": "change_testcaseplan", "name": "Can change test case plan", "content_type": 44}}, {"pk": 133, "model": "auth.permission", "fields": {"codename": "delete_testcaseplan", "name": "Can delete test case plan", "content_type": 44}}, {"pk": 134, "model": "auth.permission", "fields": {"codename": "add_testcaseattachment", "name": "Can add test case attachment", "content_type": 45}}, {"pk": 135, "model": "auth.permission", "fields": {"codename": "change_testcaseattachment", "name": "Can change test case attachment", "content_type": 45}}, {"pk": 136, "model": "auth.permission", "fields": {"codename": "delete_testcaseattachment", "name": "Can delete test case attachment", "content_type": 45}}, {"pk": 137, "model": "auth.permission", "fields": {"codename": "add_testcasecomponent", "name": "Can add test case component", "content_type": 46}}, {"pk": 138, "model": "auth.permission", "fields": {"codename": "change_testcasecomponent", "name": "Can change test case component", "content_type": 46}}, {"pk": 139, "model": "auth.permission", "fields": {"codename": "delete_testcasecomponent", "name": "Can delete test case component", "content_type": 46}}, {"pk": 140, "model": "auth.permission", "fields": {"codename": "add_testcasetag", "name": "Can add test case tag", "content_type": 47}}, {"pk": 141, "model": "auth.permission", "fields": {"codename": "change_testcasetag", "name": "Can change test case tag", "content_type": 47}}, {"pk": 142, "model": "auth.permission", "fields": {"codename": "delete_testcasetag", "name": "Can delete test case tag", "content_type": 47}}, {"pk": 143, "model": "auth.permission", "fields": {"codename": "add_testcasebugsystem", "name": "Can add test case bug system", "content_type": 48}}, {"pk": 144, "model": "auth.permission", "fields": {"codename": "change_testcasebugsystem", "name": "Can change test case bug system", "content_type": 48}}, {"pk": 145, "model": "auth.permission", "fields": {"codename": "delete_testcasebugsystem", "name": "Can delete test case bug system", "content_type": 48}}, {"pk": 146, "model": "auth.permission", "fields": {"codename": "add_testcasebug", "name": "Can add test case bug", "content_type": 49}}, {"pk": 147, "model": "auth.permission", "fields": {"codename": "change_testcasebug", "name": "Can change test case bug", "content_type": 49}}, {"pk": 148, "model": "auth.permission", "fields": {"codename": "delete_testcasebug", "name": "Can delete test case bug", "content_type": 49}}, {"pk": 149, "model": "auth.permission", "fields": {"codename": "add_contact", "name": "Can add contact", "content_type": 50}}, {"pk": 150, "model": "auth.permission", "fields": {"codename": "change_contact", "name": "Can change contact", "content_type": 50}}, {"pk": 151, "model": "auth.permission", "fields": {"codename": "delete_contact", "name": "Can delete contact", "content_type": 50}}, {"pk": 152, "model": "auth.permission", "fields": {"codename": "add_testcaseemailsettings", "name": "Can add test case email settings", "content_type": 51}}, {"pk": 153, "model": "auth.permission", "fields": {"codename": "change_testcaseemailsettings", "name": "Can change test case email settings", "content_type": 51}}, {"pk": 154, "model": "auth.permission", "fields": {"codename": "delete_testcaseemailsettings", "name": "Can delete test case email settings", "content_type": 51}}, {"pk": 155, "model": "auth.permission", "fields": {"codename": "add_testplantype", "name": "Can add test plan type", "content_type": 52}}, {"pk": 156, "model": "auth.permission", "fields": {"codename": "change_testplantype", "name": "Can change test plan type", "content_type": 52}}, {"pk": 157, "model": "auth.permission", "fields": {"codename": "delete_testplantype", "name": "Can delete test plan type", "content_type": 52}}, {"pk": 158, "model": "auth.permission", "fields": {"codename": "add_testplan", "name": "Can add test plan", "content_type": 53}}, {"pk": 159, "model": "auth.permission", "fields": {"codename": "change_testplan", "name": "Can change test plan", "content_type": 53}}, {"pk": 160, "model": "auth.permission", "fields": {"codename": "delete_testplan", "name": "Can delete test plan", "content_type": 53}}, {"pk": 161, "model": "auth.permission", "fields": {"codename": "add_testplantext", "name": "Can add test plan text", "content_type": 54}}, {"pk": 162, "model": "auth.permission", "fields": {"codename": "change_testplantext", "name": "Can change test plan text", "content_type": 54}}, {"pk": 163, "model": "auth.permission", "fields": {"codename": "delete_testplantext", "name": "Can delete test plan text", "content_type": 54}}, {"pk": 164, "model": "auth.permission", "fields": {"codename": "add_testplanpermission", "name": "Can add test plan permission", "content_type": 55}}, {"pk": 165, "model": "auth.permission", "fields": {"codename": "change_testplanpermission", "name": "Can change test plan permission", "content_type": 55}}, {"pk": 166, "model": "auth.permission", "fields": {"codename": "delete_testplanpermission", "name": "Can delete test plan permission", "content_type": 55}}, {"pk": 167, "model": "auth.permission", "fields": {"codename": "add_testplanpermissionsregexp", "name": "Can add test plan permissions regexp", "content_type": 56}}, {"pk": 168, "model": "auth.permission", "fields": {"codename": "change_testplanpermissionsregexp", "name": "Can change test plan permissions regexp", "content_type": 56}}, {"pk": 169, "model": "auth.permission", "fields": {"codename": "delete_testplanpermissionsregexp", "name": "Can delete test plan permissions regexp", "content_type": 56}}, {"pk": 170, "model": "auth.permission", "fields": {"codename": "add_testplanattachment", "name": "Can add test plan attachment", "content_type": 57}}, {"pk": 171, "model": "auth.permission", "fields": {"codename": "change_testplanattachment", "name": "Can change test plan attachment", "content_type": 57}}, {"pk": 172, "model": "auth.permission", "fields": {"codename": "delete_testplanattachment", "name": "Can delete test plan attachment", "content_type": 57}}, {"pk": 173, "model": "auth.permission", "fields": {"codename": "add_testplanactivity", "name": "Can add test plan activity", "content_type": 58}}, {"pk": 174, "model": "auth.permission", "fields": {"codename": "change_testplanactivity", "name": "Can change test plan activity", "content_type": 58}}, {"pk": 175, "model": "auth.permission", "fields": {"codename": "delete_testplanactivity", "name": "Can delete test plan activity", "content_type": 58}}, {"pk": 176, "model": "auth.permission", "fields": {"codename": "add_testplantag", "name": "Can add test plan tag", "content_type": 59}}, {"pk": 177, "model": "auth.permission", "fields": {"codename": "change_testplantag", "name": "Can change test plan tag", "content_type": 59}}, {"pk": 178, "model": "auth.permission", "fields": {"codename": "delete_testplantag", "name": "Can delete test plan tag", "content_type": 59}}, {"pk": 179, "model": "auth.permission", "fields": {"codename": "add_testplancomponent", "name": "Can add test plan component", "content_type": 60}}, {"pk": 180, "model": "auth.permission", "fields": {"codename": "change_testplancomponent", "name": "Can change test plan component", "content_type": 60}}, {"pk": 181, "model": "auth.permission", "fields": {"codename": "delete_testplancomponent", "name": "Can delete test plan component", "content_type": 60}}, {"pk": 182, "model": "auth.permission", "fields": {"codename": "add_testplanemailsettings", "name": "Can add test plan email settings", "content_type": 61}}, {"pk": 183, "model": "auth.permission", "fields": {"codename": "change_testplanemailsettings", "name": "Can change test plan email settings", "content_type": 61}}, {"pk": 184, "model": "auth.permission", "fields": {"codename": "delete_testplanemailsettings", "name": "Can delete test plan email settings", "content_type": 61}}, {"pk": 185, "model": "auth.permission", "fields": {"codename": "add_testrun", "name": "Can add test run", "content_type": 62}}, {"pk": 186, "model": "auth.permission", "fields": {"codename": "change_testrun", "name": "Can change test run", "content_type": 62}}, {"pk": 187, "model": "auth.permission", "fields": {"codename": "delete_testrun", "name": "Can delete test run", "content_type": 62}}, {"pk": 188, "model": "auth.permission", "fields": {"codename": "add_testcaserunstatus", "name": "Can add test case run status", "content_type": 63}}, {"pk": 189, "model": "auth.permission", "fields": {"codename": "change_testcaserunstatus", "name": "Can change test case run status", "content_type": 63}}, {"pk": 190, "model": "auth.permission", "fields": {"codename": "delete_testcaserunstatus", "name": "Can delete test case run status", "content_type": 63}}, {"pk": 191, "model": "auth.permission", "fields": {"codename": "add_testcaserun", "name": "Can add test case run", "content_type": 64}}, {"pk": 192, "model": "auth.permission", "fields": {"codename": "change_testcaserun", "name": "Can change test case run", "content_type": 64}}, {"pk": 193, "model": "auth.permission", "fields": {"codename": "delete_testcaserun", "name": "Can delete test case run", "content_type": 64}}, {"pk": 194, "model": "auth.permission", "fields": {"codename": "add_testruntag", "name": "Can add test run tag", "content_type": 65}}, {"pk": 195, "model": "auth.permission", "fields": {"codename": "change_testruntag", "name": "Can change test run tag", "content_type": 65}}, {"pk": 196, "model": "auth.permission", "fields": {"codename": "delete_testruntag", "name": "Can delete test run tag", "content_type": 65}}, {"pk": 197, "model": "auth.permission", "fields": {"codename": "add_testruncc", "name": "Can add test run cc", "content_type": 66}}, {"pk": 198, "model": "auth.permission", "fields": {"codename": "change_testruncc", "name": "Can change test run cc", "content_type": 66}}, {"pk": 199, "model": "auth.permission", "fields": {"codename": "delete_testruncc", "name": "Can delete test run cc", "content_type": 66}}, {"pk": 200, "model": "auth.permission", "fields": {"codename": "add_tcmsenvrunvaluemap", "name": "Can add tcms env run value map", "content_type": 67}}, {"pk": 201, "model": "auth.permission", "fields": {"codename": "change_tcmsenvrunvaluemap", "name": "Can change tcms env run value map", "content_type": 67}}, {"pk": 202, "model": "auth.permission", "fields": {"codename": "delete_tcmsenvrunvaluemap", "name": "Can delete tcms env run value map", "content_type": 67}}, {"pk": 203, "model": "auth.permission", "fields": {"codename": "add_migrationhistory", "name": "Can add migration history", "content_type": 68}}, {"pk": 204, "model": "auth.permission", "fields": {"codename": "change_migrationhistory", "name": "Can change migration history", "content_type": 68}}, {"pk": 205, "model": "auth.permission", "fields": {"codename": "delete_migrationhistory", "name": "Can delete migration history", "content_type": 68}}, {"pk": 1, "model": "auth.user", "fields": {"username": "unittest", "first_name": "", "last_name": "", "is_active": true, "is_superuser": true, "is_staff": true, "last_login": "2014-09-11T10:04:02", "groups": [], "user_permissions": [], "password": "pbkdf2_sha256$10000$HMY3FEeZXzZG$sXhnak1yX0XEwXuCfP0vfTdmoMW8pa/XhEfeiFGEh/c=", "email": "ut@example.org", "date_joined": "2014-09-10T14:47:57"}}, {"pk": 1, "model": "auth.useractivatekey", "fields": {"activation_key": "6bb980f2d664785e2719ed22db73c6a03f812eea", "user": 1, "key_expires": "2014-09-17T14:47:57"}}, {"pk": 1, "model": "logs.tcmslogmodel", "fields": {"object_pk": 1, "who": 1, "site": 1, "action": "Case script changed from  to show me the money in edit page.", "content_type": 42, "date": "2014-09-11T10:19:04"}}, {"pk": 2, "model": "logs.tcmslogmodel", "fields": {"object_pk": 1, "who": 1, "site": 1, "action": "Initial env group hardware", "content_type": 29, "date": "2014-09-11T10:26:04"}}, {"pk": 3, "model": "logs.tcmslogmodel", "fields": {"object_pk": 1, "who": 1, "site": 1, "action": "Change env group status to on", "content_type": 29, "date": "2014-09-11T10:26:08"}}, {"pk": 4, "model": "logs.tcmslogmodel", "fields": {"object_pk": 1, "who": 1, "site": 1, "action": "Properties changed to ", "content_type": 29, "date": "2014-09-11T10:26:08"}}, {"pk": 1, "model": "management.classification", "fields": {"name": "RTS", "sortkey": 0, "description": "RTS"}}, {"pk": 2, "model": "management.classification", "fields": {"name": "MMORPG", "sortkey": 0, "description": "MMORPG"}}, {"pk": 1, "model": "management.product", "fields": {"disallow_new": false, "name": "StarCraft", "classification": 1, "votes_to_confirm": false, "milestone_url": "---", "default_milestone": "---", "vote_super_user": 1, "max_vote_super_bug": 10000, "description": "StarCraft"}}, {"pk": 2, "model": "management.product", "fields": {"disallow_new": false, "name": "WarCraft", "classification": 1, "votes_to_confirm": false, "milestone_url": "---", "default_milestone": "---", "vote_super_user": 1, "max_vote_super_bug": 10000, "description": "WarCraft"}}, {"pk": 3, "model": "management.product", "fields": {"disallow_new": false, "name": "Mir2", "classification": 2, "votes_to_confirm": false, "milestone_url": "---", "default_milestone": "---", "vote_super_user": 1, "max_vote_super_bug": 10000, "description": "Mir2"}}, {"pk": 4, "model": "management.product", "fields": {"disallow_new": false, "name": "World Of Warcraft", "classification": 2, "votes_to_confirm": false, "milestone_url": "---", "default_milestone": "---", "vote_super_user": 1, "max_vote_super_bug": 10000, "description": "World Of Warcraft"}}, {"pk": 1, "model": "management.priority", "fields": {"is_active": true, "sortkey": 100, "value": "P1"}}, {"pk": 2, "model": "management.priority", "fields": {"is_active": true, "sortkey": 200, "value": "P2"}}, {"pk": 3, "model": "management.priority", "fields": {"is_active": true, "sortkey": 300, "value": "P3"}}, {"pk": 4, "model": "management.priority", "fields": {"is_active": true, "sortkey": 400, "value": "P4"}}, {"pk": 5, "model": "management.priority", "fields": {"is_active": true, "sortkey": 500, "value": "P5"}}, {"pk": 1, "model": "management.component", "fields": {"initial_qa_contact": 1, "product": 1, "description": "T", "name": "T", "initial_owner": 1}}, {"pk": 2, "model": "management.component", "fields": {"initial_qa_contact": 1, "product": 1, "description": "Z", "name": "Z", "initial_owner": 1}}, {"pk": 3, "model": "management.component", "fields": {"initial_qa_contact": 1, "product": 1, "description": "P", "name": "P", "initial_owner": 1}}, {"pk": 4, "model": "management.component", "fields": {"initial_qa_contact": 1, "product": 2, "description": "Orc", "name": "Orc", "initial_owner": 1}}, {"pk": 5, "model": "management.component", "fields": {"initial_qa_contact": 1, "product": 2, "description": "UD", "name": "UD", "initial_owner": 1}}, {"pk": 6, "model": "management.component", "fields": {"initial_qa_contact": 1, "product": 2, "description": "Hum", "name": "Hum", "initial_owner": 1}}, {"pk": 7, "model": "management.component", "fields": {"initial_qa_contact": 1, "product": 2, "description": "NE", "name": "NE", "initial_owner": 1}}, {"pk": 8, "model": "management.component", "fields": {"initial_qa_contact": 1, "product": 3, "description": "Z", "name": "Z", "initial_owner": 1}}, {"pk": 9, "model": "management.component", "fields": {"initial_qa_contact": 1, "product": 3, "description": "D", "name": "D", "initial_owner": 1}}, {"pk": 10, "model": "management.component", "fields": {"initial_qa_contact": 1, "product": 3, "description": "F", "name": "F", "initial_owner": 1}}, {"pk": 1, "model": "management.version", "fields": {"product": 1, "value": "unspecified"}}, {"pk": 2, "model": "management.version", "fields": {"product": 1, "value": "1.0"}}, {"pk": 3, "model": "management.version", "fields": {"product": 1, "value": "0.9"}}, {"pk": 4, "model": "management.version", "fields": {"product": 1, "value": "0.8"}}, {"pk": 5, "model": "management.version", "fields": {"product": 1, "value": "0.7"}}, {"pk": 6, "model": "management.version", "fields": {"product": 1, "value": "0.6"}}, {"pk": 7, "model": "management.version", "fields": {"product": 2, "value": "unspecified"}}, {"pk": 8, "model": "management.version", "fields": {"product": 2, "value": "1.0"}}, {"pk": 9, "model": "management.version", "fields": {"product": 2, "value": "1.1"}}, {"pk": 10, "model": "management.version", "fields": {"product": 2, "value": "1.2"}}, {"pk": 11, "model": "management.version", "fields": {"product": 2, "value": "1.3"}}, {"pk": 12, "model": "management.version", "fields": {"product": 2, "value": "1.4"}}, {"pk": 13, "model": "management.version", "fields": {"product": 2, "value": "1.5"}}, {"pk": 14, "model": "management.version", "fields": {"product": 2, "value": "1.6"}}, {"pk": 15, "model": "management.version", "fields": {"product": 3, "value": "unspecified"}}, {"pk": 16, "model": "management.version", "fields": {"product": 3, "value": "0.9"}}, {"pk": 17, "model": "management.version", "fields": {"product": 3, "value": "1.0"}}, {"pk": 18, "model": "management.version", "fields": {"product": 3, "value": "1.1"}}, {"pk": 19, "model": "management.version", "fields": {"product": 3, "value": "1.2"}}, {"pk": 20, "model": "management.version", "fields": {"product": 3, "value": "1.3"}}, {"pk": 21, "model": "management.version", "fields": {"product": 3, "value": "1.4"}}, {"pk": 22, "model": "management.version", "fields": {"product": 4, "value": "unspecified"}}, {"pk": 23, "model": "management.version", "fields": {"product": 4, "value": "1.0"}}, {"pk": 24, "model": "management.version", "fields": {"product": 4, "value": "2.0"}}, {"pk": 25, "model": "management.version", "fields": {"product": 4, "value": "3.0"}}, {"pk": 26, "model": "management.version", "fields": {"product": 4, "value": "2.2"}}, {"pk": 27, "model": "management.version", "fields": {"product": 4, "value": "2.1"}}, {"pk": 28, "model": "management.version", "fields": {"product": 4, "value": "3.3"}}, {"pk": 29, "model": "management.version", "fields": {"product": 4, "value": "4.0"}}, {"pk": 30, "model": "management.version", "fields": {"product": 4, "value": "4.3"}}, {"pk": 31, "model": "management.version", "fields": {"product": 4, "value": "5.0"}}, {"pk": 32, "model": "management.version", "fields": {"product": 4, "value": "5.1"}}, {"pk": 33, "model": "management.version", "fields": {"product": 4, "value": "5.2"}}, {"pk": 34, "model": "management.version", "fields": {"product": 4, "value": "5.4"}}, {"pk": 35, "model": "management.version", "fields": {"product": 4, "value": "6.0"}}, {"pk": 1, "model": "management.testbuild", "fields": {"product": 1, "description": "", "is_active": true, "name": "unspecified", "milestone": "---"}}, {"pk": 2, "model": "management.testbuild", "fields": {"product": 2, "description": "", "is_active": true, "name": "unspecified", "milestone": "---"}}, {"pk": 3, "model": "management.testbuild", "fields": {"product": 3, "description": "", "is_active": true, "name": "unspecified", "milestone": "---"}}, {"pk": 4, "model": "management.testbuild", "fields": {"product": 4, "description": "", "is_active": true, "name": "unspecified", "milestone": "---"}}, {"pk": 5, "model": "management.testbuild", "fields": {"product": 1, "description": "B1", "is_active": true, "name": "B1", "milestone": "---"}}, {"pk": 6, "model": "management.testbuild", "fields": {"product": 1, "description": "B2", "is_active": true, "name": "B2", "milestone": "---"}}, {"pk": 7, "model": "management.testbuild", "fields": {"product": 1, "description": "B3", "is_active": true, "name": "B3", "milestone": "---"}}, {"pk": 8, "model": "management.testbuild", "fields": {"product": 2, "description": "B1", "is_active": true, "name": "B1", "milestone": "---"}}, {"pk": 9, "model": "management.testbuild", "fields": {"product": 2, "description": "B2", "is_active": true, "name": "B2", "milestone": "---"}}, {"pk": 10, "model": "management.testbuild", "fields": {"product": 4, "description": "B1", "is_active": true, "name": "B1", "milestone": "---"}}, {"pk": 11, "model": "management.testbuild", "fields": {"product": 4, "description": "B2", "is_active": true, "name": "B2", "milestone": "---"}}, {"pk": 12, "model": "management.testbuild", "fields": {"product": 4, "description": "B3", "is_active": true, "name": "B3", "milestone": "---"}}, {"pk": 13, "model": "management.testbuild", "fields": {"product": 4, "description": "B4", "is_active": true, "name": "B4", "milestone": "---"}}, {"pk": 14, "model": "management.testbuild", "fields": {"product": 4, "description": "B5", "is_active": true, "name": "B5", "milestone": "---"}}, {"pk": 1, "model": "management.testtag", "fields": {"name": "QWER"}}, {"pk": 2, "model": "management.testtag", "fields": {"name": "ASDF"}}, {"pk": 3, "model": "management.testtag", "fields": {"name": "ZXCV"}}, {"pk": 4, "model": "management.testtag", "fields": {"name": "P"}}, {"pk": 5, "model": "management.testtag", "fields": {"name": "Z"}}, {"pk": 6, "model": "management.testtag", "fields": {"name": "VS"}}, {"pk": 7, "model": "management.testtag", "fields": {"name": "123"}}, {"pk": 8, "model": "management.testtag", "fields": {"name": "Test"}}, {"pk": 9, "model": "management.testtag", "fields": {"name": "Cherry"}}, {"pk": 10, "model": "management.testtag", "fields": {"name": "tail"}}, {"pk": 11, "model": "management.testtag", "fields": {"name": "R1"}}, {"pk": 12, "model": "management.testtag", "fields": {"name": "R2"}}, {"pk": 13, "model": "management.testtag", "fields": {"name": "R3"}}, {"pk": 14, "model": "management.testtag", "fields": {"name": "R4"}}, {"pk": 15, "model": "management.testtag", "fields": {"name": "G1"}}, {"pk": 16, "model": "management.testtag", "fields": {"name": "G2"}}, {"pk": 17, "model": "management.testtag", "fields": {"name": "G3"}}, {"pk": 18, "model": "management.testtag", "fields": {"name": "G4"}}, {"pk": 1, "model": "management.tcmsenvgroup", "fields": {"is_active": true, "manager": 1, "modified_by": 1, "name": "hardware"}}, {"pk": 1, "model": "management.tcmsenvproperty", "fields": {"is_active": true, "name": "cpu"}}, {"pk": 2, "model": "management.tcmsenvproperty", "fields": {"is_active": true, "name": "mem"}}, {"pk": 3, "model": "management.tcmsenvproperty", "fields": {"is_active": true, "name": "disk"}}, {"pk": 4, "model": "management.tcmsenvproperty", "fields": {"is_active": true, "name": "video"}}, {"pk": 1, "model": "management.tcmsenvvalue", "fields": {"property": 1, "is_active": true, "value": "i3"}}, {"pk": 2, "model": "management.tcmsenvvalue", "fields": {"property": 1, "is_active": true, "value": "i5"}}, {"pk": 3, "model": "management.tcmsenvvalue", "fields": {"property": 1, "is_active": true, "value": "i7"}}, {"pk": 4, "model": "management.tcmsenvvalue", "fields": {"property": 2, "is_active": true, "value": "4G"}}, {"pk": 5, "model": "management.tcmsenvvalue", "fields": {"property": 2, "is_active": true, "value": "8G"}}, {"pk": 6, "model": "management.tcmsenvvalue", "fields": {"property": 2, "is_active": true, "value": "12G"}}, {"pk": 7, "model": "management.tcmsenvvalue", "fields": {"property": 2, "is_active": true, "value": "16G"}}, {"pk": 8, "model": "management.tcmsenvvalue", "fields": {"property": 2, "is_active": true, "value": "24G"}}, {"pk": 9, "model": "management.tcmsenvvalue", "fields": {"property": 2, "is_active": true, "value": "32G"}}, {"pk": 10, "model": "management.tcmsenvvalue", "fields": {"property": 2, "is_active": true, "value": "64G"}}, {"pk": 11, "model": "management.tcmsenvvalue", "fields": {"property": 3, "is_active": true, "value": "35G"}}, {"pk": 12, "model": "management.tcmsenvvalue", "fields": {"property": 3, "is_active": true, "value": "15G"}}, {"pk": 13, "model": "management.tcmsenvvalue", "fields": {"property": 3, "is_active": true, "value": "20G"}}, {"pk": 14, "model": "management.tcmsenvvalue", "fields": {"property": 3, "is_active": true, "value": "50G"}}, {"pk": 15, "model": "management.tcmsenvvalue", "fields": {"property": 3, "is_active": true, "value": "120G"}}, {"pk": 16, "model": "management.tcmsenvvalue", "fields": {"property": 3, "is_active": true, "value": "150G"}}, {"pk": 17, "model": "management.tcmsenvvalue", "fields": {"property": 3, "is_active": true, "value": "200G"}}, {"pk": 18, "model": "management.tcmsenvvalue", "fields": {"property": 3, "is_active": true, "value": "500G"}}, {"pk": 19, "model": "management.tcmsenvvalue", "fields": {"property": 4, "is_active": true, "value": "ATI"}}, {"pk": 20, "model": "management.tcmsenvvalue", "fields": {"property": 4, "is_active": true, "value": "NVDIA"}}, {"pk": 1, "model": "profiles.groups", "fields": {"isbuggroup": 0, "userregexp": "", "name": "tweakparams", "isactive": 1, "description": "Can tweak operating parameters."}}, {"pk": 2, "model": "profiles.groups", "fields": {"isbuggroup": 0, "userregexp": "", "name": "editusers", "isactive": 1, "description": "Can edit or disable users."}}, {"pk": 3, "model": "profiles.groups", "fields": {"isbuggroup": 0, "userregexp": "", "name": "creategroups", "isactive": 1, "description": "Can create and destroy groups."}}, {"pk": 4, "model": "profiles.groups", "fields": {"isbuggroup": 0, "userregexp": "", "name": "editclassifications", "isactive": 1, "description": "Can create, destroy, and edit classifications."}}, {"pk": 5, "model": "profiles.groups", "fields": {"isbuggroup": 0, "userregexp": "", "name": "editcomponents", "isactive": 1, "description": "Can create, destroy, and edit components."}}, {"pk": 6, "model": "profiles.groups", "fields": {"isbuggroup": 0, "userregexp": "", "name": "editkeywords", "isactive": 1, "description": "Can create, destroy, and edit keywords."}}, {"pk": 7, "model": "profiles.groups", "fields": {"isbuggroup": 0, "userregexp": "", "name": "admin", "isactive": 1, "description": "Administrators"}}, {"pk": 8, "model": "profiles.groups", "fields": {"isbuggroup": 0, "userregexp": ".*", "name": "editbugs", "isactive": 1, "description": "Can edit all bug fields."}}, {"pk": 9, "model": "profiles.groups", "fields": {"isbuggroup": 0, "userregexp": ".*", "name": "canconfirm", "isactive": 1, "description": "Can confirm a bug."}}, {"pk": 10, "model": "profiles.groups", "fields": {"isbuggroup": 0, "userregexp": "", "name": "bz_canusewhines", "isactive": 1, "description": "User can configure whine reports for self."}}, {"pk": 11, "model": "profiles.groups", "fields": {"isbuggroup": 0, "userregexp": "", "name": "bz_canusewhineatothers", "isactive": 1, "description": "Can configure whine reports for other users."}}, {"pk": 12, "model": "profiles.groups", "fields": {"isbuggroup": 0, "userregexp": "", "name": "bz_sudoers", "isactive": 1, "description": "Can perform actions as other users."}}, {"pk": 13, "model": "profiles.groups", "fields": {"isbuggroup": 0, "userregexp": "", "name": "bz_sudo_protect", "isactive": 1, "description": "Can not be impersonated by other users."}}, {"pk": 14, "model": "profiles.groups", "fields": {"isbuggroup": 1, "userregexp": ".*", "name": "beatles", "isactive": 1, "description": "test group."}}, {"pk": 15, "model": "profiles.groups", "fields": {"isbuggroup": 0, "userregexp": "", "name": "Testers", "isactive": 1, "description": "Can read, write, and delete all test plans, runs, and cases."}}, {"pk": 1, "model": "testcases.testcasestatus", "fields": {"name": "PROPOSED", "description": null}}, {"pk": 2, "model": "testcases.testcasestatus", "fields": {"name": "CONFIRMED", "description": null}}, {"pk": 3, "model": "testcases.testcasestatus", "fields": {"name": "DISABLED", "description": null}}, {"pk": 4, "model": "testcases.testcasestatus", "fields": {"name": "NEED_UPDATE", "description": null}}, {"pk": 1, "model": "testcases.testcasecategory", "fields": {"product": 1, "name": "--default--", "description": ""}}, {"pk": 2, "model": "testcases.testcasecategory", "fields": {"product": 2, "name": "--default--", "description": ""}}, {"pk": 3, "model": "testcases.testcasecategory", "fields": {"product": 3, "name": "--default--", "description": ""}}, {"pk": 4, "model": "testcases.testcasecategory", "fields": {"product": 4, "name": "--default--", "description": ""}}, {"pk": 1, "model": "testcases.testcase", "fields": {"category": 1, "requirement": "", "is_automated": 0, "create_date": "2014-09-11T10:16:37", "script": "show me the money", "estimated_time": 0, "notes": "", "author": 1, "is_automated_proposed": false, "extra_link": "", "priority": 1, "alias": "", "case_status": 2, "arguments": "", "reviewer": null, "summary": "PVZ", "default_tester": null}}, {"pk": 2, "model": "testcases.testcase", "fields": {"category": 1, "requirement": "", "is_automated": 0, "create_date": "2014-09-11T10:22:52", "script": "", "estimated_time": 0, "notes": "", "author": 1, "is_automated_proposed": false, "extra_link": null, "priority": 1, "alias": "", "case_status": 2, "arguments": "", "reviewer": null, "summary": "PVZ", "default_tester": null}}, {"pk": 3, "model": "testcases.testcase", "fields": {"category": 1, "requirement": "", "is_automated": 0, "create_date": "2014-09-11T10:22:52", "script": "", "estimated_time": 0, "notes": "", "author": 1, "is_automated_proposed": false, "extra_link": null, "priority": 2, "alias": "", "case_status": 2, "arguments": "", "reviewer": null, "summary": "PVT", "default_tester": null}}, {"pk": 4, "model": "testcases.testcase", "fields": {"category": 1, "requirement": "", "is_automated": 0, "create_date": "2014-09-11T10:22:52", "script": "", "estimated_time": 0, "notes": "", "author": 1, "is_automated_proposed": false, "extra_link": null, "priority": 1, "alias": "", "case_status": 2, "arguments": "", "reviewer": null, "summary": "PVZ", "default_tester": null}}, {"pk": 5, "model": "testcases.testcase", "fields": {"category": 1, "requirement": "", "is_automated": 0, "create_date": "2014-09-11T10:22:52", "script": "", "estimated_time": 0, "notes": "", "author": 1, "is_automated_proposed": false, "extra_link": null, "priority": 1, "alias": "", "case_status": 2, "arguments": "", "reviewer": null, "summary": "PVZ", "default_tester": null}}, {"pk": 6, "model": "testcases.testcase", "fields": {"category": 1, "requirement": "", "is_automated": 0, "create_date": "2014-09-11T10:22:52", "script": "", "estimated_time": 0, "notes": "", "author": 1, "is_automated_proposed": false, "extra_link": null, "priority": 1, "alias": "", "case_status": 2, "arguments": "", "reviewer": null, "summary": "PVZ", "default_tester": null}}, {"pk": 7, "model": "testcases.testcase", "fields": {"category": 1, "requirement": "", "is_automated": 0, "create_date": "2014-09-11T10:22:53", "script": "", "estimated_time": 0, "notes": "", "author": 1, "is_automated_proposed": false, "extra_link": null, "priority": 1, "alias": "", "case_status": 2, "arguments": "", "reviewer": null, "summary": "PVZ", "default_tester": null}}, {"pk": 8, "model": "testcases.testcase", "fields": {"category": 1, "requirement": "", "is_automated": 0, "create_date": "2014-09-11T10:22:53", "script": "", "estimated_time": 0, "notes": "", "author": 1, "is_automated_proposed": false, "extra_link": null, "priority": 1, "alias": "", "case_status": 2, "arguments": "", "reviewer": null, "summary": "PVZ", "default_tester": null}}, {"pk": 9, "model": "testcases.testcase", "fields": {"category": 1, "requirement": "", "is_automated": 0, "create_date": "2014-09-11T10:22:53", "script": "", "estimated_time": 0, "notes": "", "author": 1, "is_automated_proposed": false, "extra_link": null, "priority": 1, "alias": "", "case_status": 2, "arguments": "", "reviewer": null, "summary": "PVZ", "default_tester": null}}, {"pk": 10, "model": "testcases.testcase", "fields": {"category": 1, "requirement": "", "is_automated": 0, "create_date": "2014-09-11T10:22:53", "script": "", "estimated_time": 0, "notes": "", "author": 1, "is_automated_proposed": false, "extra_link": null, "priority": 1, "alias": "", "case_status": 2, "arguments": "", "reviewer": null, "summary": "PVZ", "default_tester": null}}, {"pk": 11, "model": "testcases.testcase", "fields": {"category": 1, "requirement": "", "is_automated": 0, "create_date": "2014-09-11T10:22:53", "script": "", "estimated_time": 0, "notes": "", "author": 1, "is_automated_proposed": false, "extra_link": null, "priority": 1, "alias": "", "case_status": 2, "arguments": "", "reviewer": null, "summary": "PVZ", "default_tester": null}}, {"pk": 12, "model": "testcases.testcase", "fields": {"category": 1, "requirement": "", "is_automated": 0, "create_date": "2014-09-11T10:22:53", "script": "", "estimated_time": 0, "notes": "", "author": 1, "is_automated_proposed": false, "extra_link": null, "priority": 1, "alias": "", "case_status": 2, "arguments": "", "reviewer": null, "summary": "PVZ", "default_tester": null}}, {"pk": 13, "model": "testcases.testcase", "fields": {"category": 1, "requirement": "", "is_automated": 0, "create_date": "2014-09-11T10:22:53", "script": "", "estimated_time": 0, "notes": "", "author": 1, "is_automated_proposed": false, "extra_link": null, "priority": 1, "alias": "", "case_status": 2, "arguments": "", "reviewer": null, "summary": "PVZ", "default_tester": null}}, {"pk": 14, "model": "testcases.testcase", "fields": {"category": 1, "requirement": "", "is_automated": 0, "create_date": "2014-09-11T10:22:53", "script": "", "estimated_time": 0, "notes": "", "author": 1, "is_automated_proposed": false, "extra_link": null, "priority": 1, "alias": "", "case_status": 2, "arguments": "", "reviewer": null, "summary": "PVZ", "default_tester": null}}, {"pk": 15, "model": "testcases.testcase", "fields": {"category": 1, "requirement": "", "is_automated": 0, "create_date": "2014-09-11T10:22:53", "script": "", "estimated_time": 0, "notes": "", "author": 1, "is_automated_proposed": false, "extra_link": null, "priority": 1, "alias": "", "case_status": 2, "arguments": "", "reviewer": null, "summary": "PVZ", "default_tester": null}}, {"pk": 16, "model": "testcases.testcase", "fields": {"category": 1, "requirement": "", "is_automated": 0, "create_date": "2014-09-11T10:22:54", "script": "", "estimated_time": 0, "notes": "", "author": 1, "is_automated_proposed": false, "extra_link": null, "priority": 1, "alias": "", "case_status": 2, "arguments": "", "reviewer": null, "summary": "PVZ", "default_tester": null}}, {"pk": 1, "model": "testcases.testcasetext", "fields": {"case": 1, "breakdown": "<p>PVZ</p>", "create_date": "2014-09-11T10:16:37", "author": 1, "effect_checksum": "524df45b2bf324a2ae8d852ff5551bdc", "setup": "<p>PVZ</p>", "action_checksum": "524df45b2bf324a2ae8d852ff5551bdc", "effect": "<p>PVZ</p>", "action": "<p>PVZ</p>", "case_text_version": 1, "setup_checksum": "524df45b2bf324a2ae8d852ff5551bdc", "breakdown_checksum": "524df45b2bf324a2ae8d852ff5551bdc"}}, {"pk": 2, "model": "testcases.testcasetext", "fields": {"case": 2, "breakdown": "<p>PVZ</p>", "create_date": "2014-09-11T10:22:52", "author": 1, "effect_checksum": "524df45b2bf324a2ae8d852ff5551bdc", "setup": "<p>PVZ</p>", "action_checksum": "524df45b2bf324a2ae8d852ff5551bdc", "effect": "<p>PVZ</p>", "action": "<p>PVZ</p>", "case_text_version": 1, "setup_checksum": "524df45b2bf324a2ae8d852ff5551bdc", "breakdown_checksum": "524df45b2bf324a2ae8d852ff5551bdc"}}, {"pk": 3, "model": "testcases.testcasetext", "fields": {"case": 3, "breakdown": "<p>PVZ</p>", "create_date": "2014-09-11T10:22:52", "author": 1, "effect_checksum": "524df45b2bf324a2ae8d852ff5551bdc", "setup": "<p>PVZ</p>", "action_checksum": "524df45b2bf324a2ae8d852ff5551bdc", "effect": "<p>PVZ</p>", "action": "<p>PVZ</p>", "case_text_version": 1, "setup_checksum": "524df45b2bf324a2ae8d852ff5551bdc", "breakdown_checksum": "524df45b2bf324a2ae8d852ff5551bdc"}}, {"pk": 4, "model": "testcases.testcasetext", "fields": {"case": 4, "breakdown": "<p>PVZ</p>", "create_date": "2014-09-11T10:22:52", "author": 1, "effect_checksum": "524df45b2bf324a2ae8d852ff5551bdc", "setup": "<p>PVZ</p>", "action_checksum": "524df45b2bf324a2ae8d852ff5551bdc", "effect": "<p>PVZ</p>", "action": "<p>PVZ</p>", "case_text_version": 1, "setup_checksum": "524df45b2bf324a2ae8d852ff5551bdc", "breakdown_checksum": "524df45b2bf324a2ae8d852ff5551bdc"}}, {"pk": 5, "model": "testcases.testcasetext", "fields": {"case": 5, "breakdown": "<p>PVZ</p>", "create_date": "2014-09-11T10:22:52", "author": 1, "effect_checksum": "524df45b2bf324a2ae8d852ff5551bdc", "setup": "<p>PVZ</p>", "action_checksum": "524df45b2bf324a2ae8d852ff5551bdc", "effect": "<p>PVZ</p>", "action": "<p>PVZ</p>", "case_text_version": 1, "setup_checksum": "524df45b2bf324a2ae8d852ff5551bdc", "breakdown_checksum": "524df45b2bf324a2ae8d852ff5551bdc"}}, {"pk": 6, "model": "testcases.testcasetext", "fields": {"case": 6, "breakdown": "<p>PVZ</p>", "create_date": "2014-09-11T10:22:52", "author": 1, "effect_checksum": "524df45b2bf324a2ae8d852ff5551bdc", "setup": "<p>PVZ</p>", "action_checksum": "524df45b2bf324a2ae8d852ff5551bdc", "effect": "<p>PVZ</p>", "action": "<p>PVZ</p>", "case_text_version": 1, "setup_checksum": "524df45b2bf324a2ae8d852ff5551bdc", "breakdown_checksum": "524df45b2bf324a2ae8d852ff5551bdc"}}, {"pk": 7, "model": "testcases.testcasetext", "fields": {"case": 7, "breakdown": "<p>PVZ</p>", "create_date": "2014-09-11T10:22:53", "author": 1, "effect_checksum": "524df45b2bf324a2ae8d852ff5551bdc", "setup": "<p>PVZ</p>", "action_checksum": "524df45b2bf324a2ae8d852ff5551bdc", "effect": "<p>PVZ</p>", "action": "<p>PVZ</p>", "case_text_version": 1, "setup_checksum": "524df45b2bf324a2ae8d852ff5551bdc", "breakdown_checksum": "524df45b2bf324a2ae8d852ff5551bdc"}}, {"pk": 8, "model": "testcases.testcasetext", "fields": {"case": 8, "breakdown": "<p>PVZ</p>", "create_date": "2014-09-11T10:22:53", "author": 1, "effect_checksum": "524df45b2bf324a2ae8d852ff5551bdc", "setup": "<p>PVZ</p>", "action_checksum": "524df45b2bf324a2ae8d852ff5551bdc", "effect": "<p>PVZ</p>", "action": "<p>PVZ</p>", "case_text_version": 1, "setup_checksum": "524df45b2bf324a2ae8d852ff5551bdc", "breakdown_checksum": "524df45b2bf324a2ae8d852ff5551bdc"}}, {"pk": 9, "model": "testcases.testcasetext", "fields": {"case": 9, "breakdown": "<p>PVZ</p>", "create_date": "2014-09-11T10:22:53", "author": 1, "effect_checksum": "524df45b2bf324a2ae8d852ff5551bdc", "setup": "<p>PVZ</p>", "action_checksum": "524df45b2bf324a2ae8d852ff5551bdc", "effect": "<p>PVZ</p>", "action": "<p>PVZ</p>", "case_text_version": 1, "setup_checksum": "524df45b2bf324a2ae8d852ff5551bdc", "breakdown_checksum": "524df45b2bf324a2ae8d852ff5551bdc"}}, {"pk": 10, "model": "testcases.testcasetext", "fields": {"case": 10, "breakdown": "<p>PVZ</p>", "create_date": "2014-09-11T10:22:53", "author": 1, "effect_checksum": "524df45b2bf324a2ae8d852ff5551bdc", "setup": "<p>PVZ</p>", "action_checksum": "524df45b2bf324a2ae8d852ff5551bdc", "effect": "<p>PVZ</p>", "action": "<p>PVZ</p>", "case_text_version": 1, "setup_checksum": "524df45b2bf324a2ae8d852ff5551bdc", "breakdown_checksum": "524df45b2bf324a2ae8d852ff5551bdc"}}, {"pk": 11, "model": "testcases.testcasetext", "fields": {"case": 11, "breakdown": "<p>PVZ</p>", "create_date": "2014-09-11T10:22:53", "author": 1, "effect_checksum": "524df45b2bf324a2ae8d852ff5551bdc", "setup": "<p>PVZ</p>", "action_checksum": "524df45b2bf324a2ae8d852ff5551bdc", "effect": "<p>PVZ</p>", "action": "<p>PVZ</p>", "case_text_version": 1, "setup_checksum": "524df45b2bf324a2ae8d852ff5551bdc", "breakdown_checksum": "524df45b2bf324a2ae8d852ff5551bdc"}}, {"pk": 12, "model": "testcases.testcasetext", "fields": {"case": 12, "breakdown": "<p>PVZ</p>", "create_date": "2014-09-11T10:22:53", "author": 1, "effect_checksum": "524df45b2bf324a2ae8d852ff5551bdc", "setup": "<p>PVZ</p>", "action_checksum": "524df45b2bf324a2ae8d852ff5551bdc", "effect": "<p>PVZ</p>", "action": "<p>PVZ</p>", "case_text_version": 1, "setup_checksum": "524df45b2bf324a2ae8d852ff5551bdc", "breakdown_checksum": "524df45b2bf324a2ae8d852ff5551bdc"}}, {"pk": 13, "model": "testcases.testcasetext", "fields": {"case": 13, "breakdown": "<p>PVZ</p>", "create_date": "2014-09-11T10:22:53", "author": 1, "effect_checksum": "524df45b2bf324a2ae8d852ff5551bdc", "setup": "<p>PVZ</p>", "action_checksum": "524df45b2bf324a2ae8d852ff5551bdc", "effect": "<p>PVZ</p>", "action": "<p>PVZ</p>", "case_text_version": 1, "setup_checksum": "524df45b2bf324a2ae8d852ff5551bdc", "breakdown_checksum": "524df45b2bf324a2ae8d852ff5551bdc"}}, {"pk": 14, "model": "testcases.testcasetext", "fields": {"case": 14, "breakdown": "<p>PVZ</p>", "create_date": "2014-09-11T10:22:53", "author": 1, "effect_checksum": "524df45b2bf324a2ae8d852ff5551bdc", "setup": "<p>PVZ</p>", "action_checksum": "524df45b2bf324a2ae8d852ff5551bdc", "effect": "<p>PVZ</p>", "action": "<p>PVZ</p>", "case_text_version": 1, "setup_checksum": "524df45b2bf324a2ae8d852ff5551bdc", "breakdown_checksum": "524df45b2bf324a2ae8d852ff5551bdc"}}, {"pk": 15, "model": "testcases.testcasetext", "fields": {"case": 15, "breakdown": "<p>PVZ</p>", "create_date": "2014-09-11T10:22:53", "author": 1, "effect_checksum": "524df45b2bf324a2ae8d852ff5551bdc", "setup": "<p>PVZ</p>", "action_checksum": "524df45b2bf324a2ae8d852ff5551bdc", "effect": "<p>PVZ</p>", "action": "<p>PVZ</p>", "case_text_version": 1, "setup_checksum": "524df45b2bf324a2ae8d852ff5551bdc", "breakdown_checksum": "524df45b2bf324a2ae8d852ff5551bdc"}}, {"pk": 16, "model": "testcases.testcasetext", "fields": {"case": 16, "breakdown": "<p>PVZ</p>", "create_date": "2014-09-11T10:22:54", "author": 1, "effect_checksum": "524df45b2bf324a2ae8d852ff5551bdc", "setup": "<p>PVZ</p>", "action_checksum": "524df45b2bf324a2ae8d852ff5551bdc", "effect": "<p>PVZ</p>", "action": "<p>PVZ</p>", "case_text_version": 1, "setup_checksum": "524df45b2bf324a2ae8d852ff5551bdc", "breakdown_checksum": "524df45b2bf324a2ae8d852ff5551bdc"}}, {"pk": 1, "model": "testcases.testcaseplan", "fields": {"case": 1, "plan": 1, "sortkey": 10}}, {"pk": 2, "model": "testcases.testcaseplan", "fields": {"case": 2, "plan": 1, "sortkey": 10}}, {"pk": 3, "model": "testcases.testcaseplan", "fields": {"case": 3, "plan": 1, "sortkey": 20}}, {"pk": 4, "model": "testcases.testcaseplan", "fields": {"case": 4, "plan": 1, "sortkey": 30}}, {"pk": 5, "model": "testcases.testcaseplan", "fields": {"case": 5, "plan": 1, "sortkey": 40}}, {"pk": 6, "model": "testcases.testcaseplan", "fields": {"case": 6, "plan": 1, "sortkey": 50}}, {"pk": 7, "model": "testcases.testcaseplan", "fields": {"case": 7, "plan": 1, "sortkey": 60}}, {"pk": 8, "model": "testcases.testcaseplan", "fields": {"case": 8, "plan": 1, "sortkey": 70}}, {"pk": 9, "model": "testcases.testcaseplan", "fields": {"case": 9, "plan": 1, "sortkey": 80}}, {"pk": 10, "model": "testcases.testcaseplan", "fields": {"case": 10, "plan": 1, "sortkey": 90}}, {"pk": 11, "model": "testcases.testcaseplan", "fields": {"case": 11, "plan": 1, "sortkey": 100}}, {"pk": 12, "model": "testcases.testcaseplan", "fields": {"case": 12, "plan": 1, "sortkey": 110}}, {"pk": 13, "model": "testcases.testcaseplan", "fields": {"case": 13, "plan": 1, "sortkey": 120}}, {"pk": 14, "model": "testcases.testcaseplan", "fields": {"case": 14, "plan": 1, "sortkey": 130}}, {"pk": 15, "model": "testcases.testcaseplan", "fields": {"case": 15, "plan": 1, "sortkey": 140}}, {"pk": 16, "model": "testcases.testcaseplan", "fields": {"case": 16, "plan": 1, "sortkey": 150}}, {"pk": 1, "model": "testcases.testcasecomponent", "fields": {"case": 1, "component": 2}}, {"pk": 2, "model": "testcases.testcasecomponent", "fields": {"case": 1, "component": 3}}, {"pk": 1, "model": "testcases.testcasetag", "fields": {"case": 1, "tag": 4, "user": 0}}, {"pk": 2, "model": "testcases.testcasetag", "fields": {"case": 1, "tag": 5, "user": 0}}, {"pk": 3, "model": "testcases.testcasetag", "fields": {"case": 1, "tag": 6, "user": 0}}, {"pk": 4, "model": "testcases.testcasetag", "fields": {"case": 1, "tag": 7, "user": 0}}, {"pk": 5, "model": "testcases.testcasetag", "fields": {"case": 2, "tag": 4, "user": 0}}, {"pk": 6, "model": "testcases.testcasetag", "fields": {"case": 2, "tag": 5, "user": 0}}, {"pk": 7, "model": "testcases.testcasetag", "fields": {"case": 2, "tag": 6, "user": 0}}, {"pk": 8, "model": "testcases.testcasetag", "fields": {"case": 2, "tag": 7, "user": 0}}, {"pk": 9, "model": "testcases.testcasetag", "fields": {"case": 3, "tag": 4, "user": 0}}, {"pk": 10, "model": "testcases.testcasetag", "fields": {"case": 3, "tag": 5, "user": 0}}, {"pk": 11, "model": "testcases.testcasetag", "fields": {"case": 3, "tag": 6, "user": 0}}, {"pk": 12, "model": "testcases.testcasetag", "fields": {"case": 3, "tag": 7, "user": 0}}, {"pk": 13, "model": "testcases.testcasetag", "fields": {"case": 4, "tag": 4, "user": 0}}, {"pk": 14, "model": "testcases.testcasetag", "fields": {"case": 4, "tag": 5, "user": 0}}, {"pk": 15, "model": "testcases.testcasetag", "fields": {"case": 4, "tag": 6, "user": 0}}, {"pk": 16, "model": "testcases.testcasetag", "fields": {"case": 4, "tag": 7, "user": 0}}, {"pk": 17, "model": "testcases.testcasetag", "fields": {"case": 5, "tag": 4, "user": 0}}, {"pk": 18, "model": "testcases.testcasetag", "fields": {"case": 5, "tag": 5, "user": 0}}, {"pk": 19, "model": "testcases.testcasetag", "fields": {"case": 5, "tag": 6, "user": 0}}, {"pk": 20, "model": "testcases.testcasetag", "fields": {"case": 5, "tag": 7, "user": 0}}, {"pk": 21, "model": "testcases.testcasetag", "fields": {"case": 6, "tag": 4, "user": 0}}, {"pk": 22, "model": "testcases.testcasetag", "fields": {"case": 6, "tag": 5, "user": 0}}, {"pk": 23, "model": "testcases.testcasetag", "fields": {"case": 6, "tag": 6, "user": 0}}, {"pk": 24, "model": "testcases.testcasetag", "fields": {"case": 6, "tag": 7, "user": 0}}, {"pk": 25, "model": "testcases.testcasetag", "fields": {"case": 7, "tag": 4, "user": 0}}, {"pk": 26, "model": "testcases.testcasetag", "fields": {"case": 7, "tag": 5, "user": 0}}, {"pk": 27, "model": "testcases.testcasetag", "fields": {"case": 7, "tag": 6, "user": 0}}, {"pk": 28, "model": "testcases.testcasetag", "fields": {"case": 7, "tag": 7, "user": 0}}, {"pk": 29, "model": "testcases.testcasetag", "fields": {"case": 8, "tag": 4, "user": 0}}, {"pk": 30, "model": "testcases.testcasetag", "fields": {"case": 8, "tag": 5, "user": 0}}, {"pk": 31, "model": "testcases.testcasetag", "fields": {"case": 8, "tag": 6, "user": 0}}, {"pk": 32, "model": "testcases.testcasetag", "fields": {"case": 8, "tag": 7, "user": 0}}, {"pk": 33, "model": "testcases.testcasetag", "fields": {"case": 9, "tag": 4, "user": 0}}, {"pk": 34, "model": "testcases.testcasetag", "fields": {"case": 9, "tag": 5, "user": 0}}, {"pk": 35, "model": "testcases.testcasetag", "fields": {"case": 9, "tag": 6, "user": 0}}, {"pk": 36, "model": "testcases.testcasetag", "fields": {"case": 9, "tag": 7, "user": 0}}, {"pk": 37, "model": "testcases.testcasetag", "fields": {"case": 10, "tag": 4, "user": 0}}, {"pk": 38, "model": "testcases.testcasetag", "fields": {"case": 10, "tag": 5, "user": 0}}, {"pk": 39, "model": "testcases.testcasetag", "fields": {"case": 10, "tag": 6, "user": 0}}, {"pk": 40, "model": "testcases.testcasetag", "fields": {"case": 10, "tag": 7, "user": 0}}, {"pk": 41, "model": "testcases.testcasetag", "fields": {"case": 11, "tag": 4, "user": 0}}, {"pk": 42, "model": "testcases.testcasetag", "fields": {"case": 11, "tag": 5, "user": 0}}, {"pk": 43, "model": "testcases.testcasetag", "fields": {"case": 11, "tag": 6, "user": 0}}, {"pk": 44, "model": "testcases.testcasetag", "fields": {"case": 11, "tag": 7, "user": 0}}, {"pk": 45, "model": "testcases.testcasetag", "fields": {"case": 12, "tag": 4, "user": 0}}, {"pk": 46, "model": "testcases.testcasetag", "fields": {"case": 12, "tag": 5, "user": 0}}, {"pk": 47, "model": "testcases.testcasetag", "fields": {"case": 12, "tag": 6, "user": 0}}, {"pk": 48, "model": "testcases.testcasetag", "fields": {"case": 12, "tag": 7, "user": 0}}, {"pk": 49, "model": "testcases.testcasetag", "fields": {"case": 13, "tag": 4, "user": 0}}, {"pk": 50, "model": "testcases.testcasetag", "fields": {"case": 13, "tag": 5, "user": 0}}, {"pk": 51, "model": "testcases.testcasetag", "fields": {"case": 13, "tag": 6, "user": 0}}, {"pk": 52, "model": "testcases.testcasetag", "fields": {"case": 13, "tag": 7, "user": 0}}, {"pk": 53, "model": "testcases.testcasetag", "fields": {"case": 14, "tag": 4, "user": 0}}, {"pk": 54, "model": "testcases.testcasetag", "fields": {"case": 14, "tag": 5, "user": 0}}, {"pk": 55, "model": "testcases.testcasetag", "fields": {"case": 14, "tag": 6, "user": 0}}, {"pk": 56, "model": "testcases.testcasetag", "fields": {"case": 14, "tag": 7, "user": 0}}, {"pk": 57, "model": "testcases.testcasetag", "fields": {"case": 15, "tag": 4, "user": 0}}, {"pk": 58, "model": "testcases.testcasetag", "fields": {"case": 15, "tag": 5, "user": 0}}, {"pk": 59, "model": "testcases.testcasetag", "fields": {"case": 15, "tag": 6, "user": 0}}, {"pk": 60, "model": "testcases.testcasetag", "fields": {"case": 15, "tag": 7, "user": 0}}, {"pk": 61, "model": "testcases.testcasetag", "fields": {"case": 16, "tag": 4, "user": 0}}, {"pk": 62, "model": "testcases.testcasetag", "fields": {"case": 16, "tag": 5, "user": 0}}, {"pk": 63, "model": "testcases.testcasetag", "fields": {"case": 16, "tag": 6, "user": 0}}, {"pk": 64, "model": "testcases.testcasetag", "fields": {"case": 16, "tag": 7, "user": 0}}, {"pk": 65, "model": "testcases.testcasetag", "fields": {"case": 3, "tag": 8, "user": 0}}, {"pk": 66, "model": "testcases.testcasetag", "fields": {"case": 6, "tag": 8, "user": 0}}, {"pk": 67, "model": "testcases.testcasetag", "fields": {"case": 8, "tag": 8, "user": 0}}, {"pk": 68, "model": "testcases.testcasetag", "fields": {"case": 11, "tag": 9, "user": 0}}, {"pk": 69, "model": "testcases.testcasetag", "fields": {"case": 12, "tag": 9, "user": 0}}, {"pk": 70, "model": "testcases.testcasetag", "fields": {"case": 13, "tag": 9, "user": 0}}, {"pk": 71, "model": "testcases.testcasetag", "fields": {"case": 15, "tag": 9, "user": 0}}, {"pk": 72, "model": "testcases.testcasetag", "fields": {"case": 14, "tag": 10, "user": 0}}, {"pk": 73, "model": "testcases.testcasetag", "fields": {"case": 15, "tag": 10, "user": 0}}, {"pk": 74, "model": "testcases.testcasetag", "fields": {"case": 16, "tag": 10, "user": 0}}, {"pk": 1, "model": "testcases.testcasebugsystem", "fields": {"validate_reg_exp": "", "url_reg_exp": "https://bugzilla.redhat.com/show_bug.cgi?id=%s", "name": "Red Hat Bugzilla", "description": ""}}, {"pk": 2, "model": "testcases.testcasebugsystem", "fields": {"validate_reg_exp": "", "url_reg_exp": "https://projects.engineering.redhat.com/browse/%s", "name": "JIRA", "description": "JIRA"}}, {"pk": 1, "model": "testcases.testcasebug", "fields": {"case": 1, "bug_system": 1, "description": "", "summary": "", "bug_id": "11111", "case_run": null}}, {"pk": 2, "model": "testcases.testcasebug", "fields": {"case": 1, "bug_system": 1, "description": "", "summary": "", "bug_id": "22222", "case_run": null}}, {"pk": 3, "model": "testcases.testcasebug", "fields": {"case": 1, "bug_system": 1, "description": "", "summary": "", "bug_id": "33333", "case_run": null}}, {"pk": 4, "model": "testcases.testcasebug", "fields": {"case": 1, "bug_system": 2, "description": "", "summary": "", "bug_id": "QWE-1", "case_run": null}}, {"pk": 5, "model": "testcases.testcasebug", "fields": {"case": 1, "bug_system": 2, "description": "", "summary": "", "bug_id": "QWE-3", "case_run": null}}, {"pk": 1, "model": "testcases.testcaseemailsettings", "fields": {"case": 1, "notify_on_case_update": false, "auto_to_case_run_assignee": false, "auto_to_run_tester": false, "auto_to_case_tester": false, "auto_to_run_manager": false, "notify_on_case_delete": false, "auto_to_case_author": false}}, {"pk": 1, "model": "testplans.testplantype", "fields": {"name": "Unit", "description": null}}, {"pk": 2, "model": "testplans.testplantype", "fields": {"name": "Integration", "description": null}}, {"pk": 3, "model": "testplans.testplantype", "fields": {"name": "Function", "description": null}}, {"pk": 4, "model": "testplans.testplantype", "fields": {"name": "System", "description": null}}, {"pk": 5, "model": "testplans.testplantype", "fields": {"name": "Acceptance", "description": null}}, {"pk": 6, "model": "testplans.testplantype", "fields": {"name": "Installation", "description": null}}, {"pk": 7, "model": "testplans.testplantype", "fields": {"name": "Performance", "description": null}}, {"pk": 8, "model": "testplans.testplantype", "fields": {"name": "Product", "description": null}}, {"pk": 9, "model": "testplans.testplantype", "fields": {"name": "Interoperability", "description": null}}, {"pk": 10, "model": "testplans.testplantype", "fields": {"name": "Smoke", "description": "Basic functionality"}}, {"pk": 11, "model": "testplans.testplantype", "fields": {"name": "Regression", "description": "Known bugs/expliots"}}, {"pk": 1, "model": "testplans.testplan", "fields": {"product": 1, "create_date": "2014-09-10T14:51:38", "name": "StarCraft: Init", "parent": null, "author": 1, "product_version": 6, "is_active": true, "extra_link": "", "owner": 1, "type": 4}}, {"pk": 2, "model": "testplans.testplan", "fields": {"product": 2, "create_date": "2014-09-11T10:05:13", "name": "WarCraft", "parent": null, "author": 1, "product_version": 11, "is_active": true, "extra_link": "", "owner": 1, "type": 2}}, {"pk": 3, "model": "testplans.testplan", "fields": {"product": 3, "create_date": "2014-09-11T10:06:40", "name": "Mir2", "parent": null, "author": 1, "product_version": 16, "is_active": true, "extra_link": "", "owner": 1, "type": 3}}, {"pk": 4, "model": "testplans.testplan", "fields": {"product": 4, "create_date": "2014-09-11T10:07:54", "name": "World Of Warcraft", "parent": null, "author": 1, "product_version": 34, "is_active": true, "extra_link": "", "owner": 1, "type": 5}}, {"pk": 1, "model": "testplans.testplantext", "fields": {"create_date": "2014-09-10T14:51:38", "author": 1, "plan_text": "<p>StarCraft: Init</p>", "checksum": "a5a197b55d7d87e96ec1936bdd1c3cc2", "plan": 1, "plan_text_version": 1}}, {"pk": 2, "model": "testplans.testplantext", "fields": {"create_date": "2014-09-11T10:05:14", "author": 1, "plan_text": "<p>WarCraft</p>", "checksum": "48a095afc5477c72cdaec0ff2001e861", "plan": 2, "plan_text_version": 1}}, {"pk": 3, "model": "testplans.testplantext", "fields": {"create_date": "2014-09-11T10:06:40", "author": 1, "plan_text": "<p>Mir2</p>", "checksum": "a0c54ac7d14431391583139ae46051cb", "plan": 3, "plan_text_version": 1}}, {"pk": 4, "model": "testplans.testplantext", "fields": {"create_date": "2014-09-11T10:07:54", "author": 1, "plan_text": "<p>World Of Warcraft</p>", "checksum": "d1b49a93e0f10690ce338ca8bbfeff4e", "plan": 4, "plan_text_version": 1}}, {"pk": 1, "model": "testplans.testplantag", "fields": {"tag": 1, "plan": 1, "user": 1}}, {"pk": 2, "model": "testplans.testplantag", "fields": {"tag": 2, "plan": 1, "user": 1}}, {"pk": 3, "model": "testplans.testplantag", "fields": {"tag": 3, "plan": 1, "user": 1}}, {"pk": 1, "model": "testplans.testplancomponent", "fields": {"component": 1, "plan": 1}}, {"pk": 2, "model": "testplans.testplancomponent", "fields": {"component": 2, "plan": 1}}, {"pk": 3, "model": "testplans.testplancomponent", "fields": {"component": 3, "plan": 1}}, {"pk": 1, "model": "testruns.testrun", "fields": {"environment_id": 0, "errata_id": null, "default_tester": 1, "estimated_time": 0, "stop_date": null, "product_version": 6, "auto_update_run_status": false, "manager": 1, "summary": "Test run for StarCraft: Init on Unknown environment", "build": 6, "notes": "BBBBBBBBBBBBBBBBBBBBBBBBBBBBB", "plan_text_version": 1, "start_date": "2014-09-11T10:25:23", "plan": 1}}, {"pk": 2, "model": "testruns.testrun", "fields": {"environment_id": 0, "errata_id": null, "default_tester": 1, "estimated_time": 0, "stop_date": null, "product_version": 6, "auto_update_run_status": false, "manager": 1, "summary": "Test run for StarCraft: Init on Unknown environment", "build": 5, "notes": "", "plan_text_version": 1, "start_date": "2014-09-11T10:30:25", "plan": 1}}, {"pk": 1, "model": "testruns.testcaserunstatus", "fields": {"auto_blinddown": true, "name": "IDLE", "sortkey": 1, "description": null}}, {"pk": 2, "model": "testruns.testcaserunstatus", "fields": {"auto_blinddown": true, "name": "PASSED", "sortkey": 4, "description": null}}, {"pk": 3, "model": "testruns.testcaserunstatus", "fields": {"auto_blinddown": true, "name": "FAILED", "sortkey": 5, "description": null}}, {"pk": 4, "model": "testruns.testcaserunstatus", "fields": {"auto_blinddown": true, "name": "RUNNING", "sortkey": 2, "description": null}}, {"pk": 5, "model": "testruns.testcaserunstatus", "fields": {"auto_blinddown": true, "name": "PAUSED", "sortkey": 3, "description": null}}, {"pk": 6, "model": "testruns.testcaserunstatus", "fields": {"auto_blinddown": true, "name": "BLOCKED", "sortkey": 6, "description": null}}, {"pk": 7, "model": "testruns.testcaserunstatus", "fields": {"auto_blinddown": true, "name": "ERROR", "sortkey": 7, "description": null}}, {"pk": 8, "model": "testruns.testcaserunstatus", "fields": {"auto_blinddown": true, "name": "WAIVED", "sortkey": 8, "description": null}}, {"pk": 1, "model": "testruns.testcaserun", "fields": {"case": 1, "case_run_status": 1, "environment_id": 0, "run": 1, "notes": null, "sortkey": 10, "running_date": null, "assignee": 1, "tested_by": null, "close_date": null, "case_text_version": 1, "build": 6}}, {"pk": 2, "model": "testruns.testcaserun", "fields": {"case": 2, "case_run_status": 1, "environment_id": 0, "run": 1, "notes": null, "sortkey": 10, "running_date": null, "assignee": 1, "tested_by": null, "close_date": null, "case_text_version": 1, "build": 6}}, {"pk": 3, "model": "testruns.testcaserun", "fields": {"case": 3, "case_run_status": 1, "environment_id": 0, "run": 1, "notes": null, "sortkey": 20, "running_date": null, "assignee": 1, "tested_by": null, "close_date": null, "case_text_version": 1, "build": 6}}, {"pk": 4, "model": "testruns.testcaserun", "fields": {"case": 4, "case_run_status": 1, "environment_id": 0, "run": 1, "notes": null, "sortkey": 30, "running_date": null, "assignee": 1, "tested_by": null, "close_date": null, "case_text_version": 1, "build": 6}}, {"pk": 5, "model": "testruns.testcaserun", "fields": {"case": 5, "case_run_status": 1, "environment_id": 0, "run": 1, "notes": null, "sortkey": 40, "running_date": null, "assignee": 1, "tested_by": null, "close_date": null, "case_text_version": 1, "build": 6}}, {"pk": 6, "model": "testruns.testcaserun", "fields": {"case": 6, "case_run_status": 1, "environment_id": 0, "run": 1, "notes": null, "sortkey": 50, "running_date": null, "assignee": 1, "tested_by": null, "close_date": null, "case_text_version": 1, "build": 6}}, {"pk": 7, "model": "testruns.testcaserun", "fields": {"case": 7, "case_run_status": 1, "environment_id": 0, "run": 1, "notes": null, "sortkey": 60, "running_date": null, "assignee": 1, "tested_by": null, "close_date": null, "case_text_version": 1, "build": 6}}, {"pk": 8, "model": "testruns.testcaserun", "fields": {"case": 8, "case_run_status": 1, "environment_id": 0, "run": 1, "notes": null, "sortkey": 70, "running_date": null, "assignee": 1, "tested_by": null, "close_date": null, "case_text_version": 1, "build": 6}}, {"pk": 9, "model": "testruns.testcaserun", "fields": {"case": 9, "case_run_status": 1, "environment_id": 0, "run": 1, "notes": null, "sortkey": 80, "running_date": null, "assignee": 1, "tested_by": null, "close_date": null, "case_text_version": 1, "build": 6}}, {"pk": 10, "model": "testruns.testcaserun", "fields": {"case": 10, "case_run_status": 1, "environment_id": 0, "run": 1, "notes": null, "sortkey": 90, "running_date": null, "assignee": 1, "tested_by": null, "close_date": null, "case_text_version": 1, "build": 6}}, {"pk": 11, "model": "testruns.testcaserun", "fields": {"case": 11, "case_run_status": 1, "environment_id": 0, "run": 1, "notes": null, "sortkey": 100, "running_date": null, "assignee": 1, "tested_by": null, "close_date": null, "case_text_version": 1, "build": 6}}, {"pk": 12, "model": "testruns.testcaserun", "fields": {"case": 12, "case_run_status": 1, "environment_id": 0, "run": 1, "notes": null, "sortkey": 110, "running_date": null, "assignee": 1, "tested_by": null, "close_date": null, "case_text_version": 1, "build": 6}}, {"pk": 13, "model": "testruns.testcaserun", "fields": {"case": 13, "case_run_status": 1, "environment_id": 0, "run": 1, "notes": null, "sortkey": 120, "running_date": null, "assignee": 1, "tested_by": null, "close_date": null, "case_text_version": 1, "build": 6}}, {"pk": 14, "model": "testruns.testcaserun", "fields": {"case": 14, "case_run_status": 1, "environment_id": 0, "run": 1, "notes": null, "sortkey": 130, "running_date": null, "assignee": 1, "tested_by": null, "close_date": null, "case_text_version": 1, "build": 6}}, {"pk": 15, "model": "testruns.testcaserun", "fields": {"case": 15, "case_run_status": 1, "environment_id": 0, "run": 1, "notes": null, "sortkey": 140, "running_date": null, "assignee": 1, "tested_by": null, "close_date": null, "case_text_version": 1, "build": 6}}, {"pk": 16, "model": "testruns.testcaserun", "fields": {"case": 16, "case_run_status": 1, "environment_id": 0, "run": 1, "notes": null, "sortkey": 150, "running_date": null, "assignee": 1, "tested_by": null, "close_date": null, "case_text_version": 1, "build": 6}}, {"pk": 17, "model": "testruns.testcaserun", "fields": {"case": 1, "case_run_status": 1, "environment_id": 0, "run": 2, "notes": null, "sortkey": 10, "running_date": null, "assignee": 1, "tested_by": null, "close_date": null, "case_text_version": 1, "build": 5}}, {"pk": 18, "model": "testruns.testcaserun", "fields": {"case": 2, "case_run_status": 1, "environment_id": 0, "run": 2, "notes": null, "sortkey": 10, "running_date": null, "assignee": 1, "tested_by": null, "close_date": null, "case_text_version": 1, "build": 5}}, {"pk": 19, "model": "testruns.testcaserun", "fields": {"case": 3, "case_run_status": 1, "environment_id": 0, "run": 2, "notes": null, "sortkey": 20, "running_date": null, "assignee": 1, "tested_by": null, "close_date": null, "case_text_version": 1, "build": 5}}, {"pk": 20, "model": "testruns.testcaserun", "fields": {"case": 4, "case_run_status": 1, "environment_id": 0, "run": 2, "notes": null, "sortkey": 30, "running_date": null, "assignee": 1, "tested_by": null, "close_date": null, "case_text_version": 1, "build": 5}}, {"pk": 21, "model": "testruns.testcaserun", "fields": {"case": 5, "case_run_status": 1, "environment_id": 0, "run": 2, "notes": null, "sortkey": 40, "running_date": null, "assignee": 1, "tested_by": null, "close_date": null, "case_text_version": 1, "build": 5}}, {"pk": 1, "model": "testruns.testruntag", "fields": {"tag": 11, "run": 1, "user": 0}}, {"pk": 2, "model": "testruns.testruntag", "fields": {"tag": 12, "run": 1, "user": 0}}, {"pk": 3, "model": "testruns.testruntag", "fields": {"tag": 13, "run": 1, "user": 0}}, {"pk": 4, "model": "testruns.testruntag", "fields": {"tag": 14, "run": 1, "user": 0}}, {"pk": 5, "model": "testruns.testruntag", "fields": {"tag": 15, "run": 2, "user": 0}}, {"pk": 6, "model": "testruns.testruntag", "fields": {"tag": 16, "run": 2, "user": 0}}, {"pk": 7, "model": "testruns.testruntag", "fields": {"tag": 17, "run": 2, "user": 0}}, {"pk": 8, "model": "testruns.testruntag", "fields": {"tag": 18, "run": 2, "user": 0}}, {"pk": 1, "model": "testruns.tcmsenvrunvaluemap", "fields": {"run": 1, "value": 15}}, {"pk": 2, "model": "testruns.tcmsenvrunvaluemap", "fields": {"run": 1, "value": 19}}, {"pk": 3, "model": "testruns.tcmsenvrunvaluemap", "fields": {"run": 1, "value": 1}}]